deviceid,buildingid,devicename,devicetype,floorno
e9494ddc-7100-4946-9b9c-64835bdb55ba,481019ea-b519-4f48-b684-de69a10deb64,Fan,Categorical,2
4b1584b8-269c-4345-a84e-6c5729f8ba56,481019ea-b519-4f48-b684-de69a10deb64,Fan,Categorical,1
31f41857-6bdb-40a1-83b7-472272d59239,481019ea-b519-4f48-b684-de69a10deb64,Fan,Categorical,4
29e74a48-0772-4bd5-a49c-c36879237fec,481019ea-b519-4f48-b684-de69a10deb64,Fan,Categorical,3
6ddc7af5-4f45-47b2-b36f-773572ebd824,481019ea-b519-4f48-b684-de69a10deb64,Fan,Categorical,4
fe491c4a-1a1e-11ea-bfe0-acde48001122,63027f12-4503-4ad9-8f32-569f32e059b3,G_Device,Digital,1
2d3cf8f0-1a1f-11ea-af15-acde48001122,63027f12-4503-4ad9-8f32-569f32e059b3,A_Device,Digital,9
93a2d524-1a1f-11ea-abf6-acde48001122,63027f12-4503-4ad9-8f32-569f32e059b3,I_Device,Categorical,7
93a2d6e6-1a1f-11ea-abf6-acde48001122,63027f12-4503-4ad9-8f32-569f32e059b3,F_Device,Categorical,2
93a2d79a-1a1f-11ea-abf6-acde48001122,63027f12-4503-4ad9-8f32-569f32e059b3,D_Device,Digital,7
93a2d81c-1a1f-11ea-abf6-acde48001122,63027f12-4503-4ad9-8f32-569f32e059b3,H_Device,Digital,4
93a2d88a-1a1f-11ea-abf6-acde48001122,63027f12-4503-4ad9-8f32-569f32e059b3,C_Device,Categorical,1
93a2d90c-1a1f-11ea-abf6-acde48001122,481019ea-b519-4f48-b684-de69a10deb64,B_Device,Digital,4
93a2d984-1a1f-11ea-abf6-acde48001122,481019ea-b519-4f48-b684-de69a10deb64,H_Device,Digital,8
93a2d9f2-1a1f-11ea-abf6-acde48001122,481019ea-b519-4f48-b684-de69a10deb64,G_Device,Digital,9
93a2da6a-1a1f-11ea-abf6-acde48001122,481019ea-b519-4f48-b684-de69a10deb64,C_Device,Digital,9
93a2dad8-1a1f-11ea-abf6-acde48001122,481019ea-b519-4f48-b684-de69a10deb64,E_Device,Digital,6
93a2db5a-1a1f-11ea-abf6-acde48001122,481019ea-b519-4f48-b684-de69a10deb66,E_Device,Categorical,2
93a2dbd2-1a1f-11ea-abf6-acde48001122,481019ea-b519-4f48-b684-de69a10deb66,A_Device,Digital,1
93a2dc40-1a1f-11ea-abf6-acde48001122,481019ea-b519-4f48-b684-de69a10deb66,E_Device,Categorical,9
93a2dcae-1a1f-11ea-abf6-acde48001122,481019ea-b519-4f48-b684-de69a10deb66,F_Device,Categorical,7
93a2dd1c-1a1f-11ea-abf6-acde48001122,481019ea-b519-4f48-b684-de69a10deb66,F_Device,Categorical,3
93a2dd94-1a1f-11ea-abf6-acde48001122,481019ea-b519-4f48-b684-de69a10deb34,I_Device,Digital,4
93a2de02-1a1f-11ea-abf6-acde48001122,481019ea-b519-4f48-b684-de69a10deb34,H_Device,Digital,9
93a2de7a-1a1f-11ea-abf6-acde48001122,481019ea-b519-4f48-b684-de69a10deb34,I_Device,Digital,2
93a2dee8-1a1f-11ea-abf6-acde48001122,481019ea-b519-4f48-b684-de69a10deb34,J_Device,Categorical,1
93a2df60-1a1f-11ea-abf6-acde48001122,481019ea-b519-4f48-b684-de69a10deb34,B_Device,Categorical,3
93a2dfd8-1a1f-11ea-abf6-acde48001122,05f4bf52-1a1b-11ea-bfa6-acde48001122,J_Device,Categorical,1
93a2e046-1a1f-11ea-abf6-acde48001122,05f4bf52-1a1b-11ea-bfa6-acde48001122,H_Device,Categorical,9
93a2e0be-1a1f-11ea-abf6-acde48001122,05f4bf52-1a1b-11ea-bfa6-acde48001122,I_Device,Categorical,8
93a2e136-1a1f-11ea-abf6-acde48001122,05f4bf52-1a1b-11ea-bfa6-acde48001122,H_Device,Digital,2
93a2e1a4-1a1f-11ea-abf6-acde48001122,05f4bf52-1a1b-11ea-bfa6-acde48001122,I_Device,Categorical,3
93a2e21c-1a1f-11ea-abf6-acde48001122,12cf3e14-1a1b-11ea-86c6-acde48001122,D_Device,Categorical,7
93a2e28a-1a1f-11ea-abf6-acde48001122,12cf3e14-1a1b-11ea-86c6-acde48001122,H_Device,Digital,9
93a2e2f8-1a1f-11ea-abf6-acde48001122,12cf3e14-1a1b-11ea-86c6-acde48001122,C_Device,Digital,9
93a2e38e-1a1f-11ea-abf6-acde48001122,12cf3e14-1a1b-11ea-86c6-acde48001122,B_Device,Categorical,6
93a2e406-1a1f-11ea-abf6-acde48001122,12cf3e14-1a1b-11ea-86c6-acde48001122,D_Device,Categorical,9
93a2e488-1a1f-11ea-abf6-acde48001122,d91962f2-1a1b-11ea-88c6-acde48001122,A_Device,Categorical,1
93a2e4f6-1a1f-11ea-abf6-acde48001122,d91962f2-1a1b-11ea-88c6-acde48001122,G_Device,Categorical,2
93a2e564-1a1f-11ea-abf6-acde48001122,d91962f2-1a1b-11ea-88c6-acde48001122,I_Device,Digital,9
93a2e5d2-1a1f-11ea-abf6-acde48001122,d91962f2-1a1b-11ea-88c6-acde48001122,A_Device,Categorical,8
93a2e640-1a1f-11ea-abf6-acde48001122,d91962f2-1a1b-11ea-88c6-acde48001122,I_Device,Categorical,8
93a2e6b8-1a1f-11ea-abf6-acde48001122,da51f666-1a1b-11ea-b285-acde48001122,I_Device,Digital,8
93a2e730-1a1f-11ea-abf6-acde48001122,da51f666-1a1b-11ea-b285-acde48001122,D_Device,Categorical,6
93a2e79e-1a1f-11ea-abf6-acde48001122,da51f666-1a1b-11ea-b285-acde48001122,B_Device,Categorical,5
93a2e80c-1a1f-11ea-abf6-acde48001122,da51f666-1a1b-11ea-b285-acde48001122,J_Device,Categorical,4
93a2e898-1a1f-11ea-abf6-acde48001122,da51f666-1a1b-11ea-b285-acde48001122,C_Device,Digital,4
93a2e91a-1a1f-11ea-abf6-acde48001122,e3d36eea-1a1b-11ea-990d-acde48001122,H_Device,Categorical,5
93a2e97e-1a1f-11ea-abf6-acde48001122,e3d36eea-1a1b-11ea-990d-acde48001122,I_Device,Digital,6
93a2e9ec-1a1f-11ea-abf6-acde48001122,e3d36eea-1a1b-11ea-990d-acde48001122,I_Device,Digital,9
93a2ea5a-1a1f-11ea-abf6-acde48001122,e3d36eea-1a1b-11ea-990d-acde48001122,D_Device,Digital,2
93a2ead2-1a1f-11ea-abf6-acde48001122,e3d36eea-1a1b-11ea-990d-acde48001122,D_Device,Digital,1
93a2eb4a-1a1f-11ea-abf6-acde48001122,e504cc3c-1a1b-11ea-93c2-acde48001122,J_Device,Categorical,5
93a2ebb8-1a1f-11ea-abf6-acde48001122,e504cc3c-1a1b-11ea-93c2-acde48001122,G_Device,Categorical,1
93a2ec26-1a1f-11ea-abf6-acde48001122,e504cc3c-1a1b-11ea-93c2-acde48001122,C_Device,Categorical,1
93a2ec9e-1a1f-11ea-abf6-acde48001122,e504cc3c-1a1b-11ea-93c2-acde48001122,D_Device,Categorical,5
93a2ed16-1a1f-11ea-abf6-acde48001122,e504cc3c-1a1b-11ea-93c2-acde48001122,H_Device,Digital,8
93a2ed8e-1a1f-11ea-abf6-acde48001122,f0dd09e8-1a1b-11ea-942f-acde48001122,E_Device,Categorical,2
93a2edfc-1a1f-11ea-abf6-acde48001122,f0dd09e8-1a1b-11ea-942f-acde48001122,G_Device,Categorical,6
93a2ee6a-1a1f-11ea-abf6-acde48001122,f0dd09e8-1a1b-11ea-942f-acde48001122,A_Device,Digital,6
93a2eee2-1a1f-11ea-abf6-acde48001122,f0dd09e8-1a1b-11ea-942f-acde48001122,A_Device,Categorical,7
93a2ef5a-1a1f-11ea-abf6-acde48001122,f0dd09e8-1a1b-11ea-942f-acde48001122,I_Device,Digital,4
93a2efc8-1a1f-11ea-abf6-acde48001122,f5048942-1a1b-11ea-98fd-acde48001122,A_Device,Categorical,1
93a2f040-1a1f-11ea-abf6-acde48001122,f5048942-1a1b-11ea-98fd-acde48001122,A_Device,Categorical,4
93a2f0ae-1a1f-11ea-abf6-acde48001122,f5048942-1a1b-11ea-98fd-acde48001122,D_Device,Categorical,4
93a2f11c-1a1f-11ea-abf6-acde48001122,f5048942-1a1b-11ea-98fd-acde48001122,E_Device,Digital,2
93a2f18a-1a1f-11ea-abf6-acde48001122,f5048942-1a1b-11ea-98fd-acde48001122,E_Device,Categorical,9
93a2f202-1a1f-11ea-abf6-acde48001122,8faaab66-1a1c-11ea-aef0-acde48001122,A_Device,Categorical,4
93a2f270-1a1f-11ea-abf6-acde48001122,8faaab66-1a1c-11ea-aef0-acde48001122,B_Device,Categorical,7
93a2f2de-1a1f-11ea-abf6-acde48001122,8faaab66-1a1c-11ea-aef0-acde48001122,B_Device,Categorical,4
93a2f356-1a1f-11ea-abf6-acde48001122,8faaab66-1a1c-11ea-aef0-acde48001122,F_Device,Digital,4
93a2f3ce-1a1f-11ea-abf6-acde48001122,8faaab66-1a1c-11ea-aef0-acde48001122,I_Device,Digital,3
93a2f446-1a1f-11ea-abf6-acde48001122,8faaf7b0-1a1c-11ea-aef0-acde48001122,J_Device,Categorical,1
93a2f4b4-1a1f-11ea-abf6-acde48001122,8faaf7b0-1a1c-11ea-aef0-acde48001122,E_Device,Digital,3
93a2f522-1a1f-11ea-abf6-acde48001122,8faaf7b0-1a1c-11ea-aef0-acde48001122,A_Device,Digital,2
93a2f590-1a1f-11ea-abf6-acde48001122,8faaf7b0-1a1c-11ea-aef0-acde48001122,C_Device,Digital,5
93a2f5fe-1a1f-11ea-abf6-acde48001122,8faaf7b0-1a1c-11ea-aef0-acde48001122,H_Device,Digital,8
93a2f66c-1a1f-11ea-abf6-acde48001122,8fab198e-1a1c-11ea-aef0-acde48001122,F_Device,Categorical,6
93a2f6e4-1a1f-11ea-abf6-acde48001122,8fab198e-1a1c-11ea-aef0-acde48001122,E_Device,Digital,2
93a2f752-1a1f-11ea-abf6-acde48001122,8fab198e-1a1c-11ea-aef0-acde48001122,C_Device,Digital,3
93a2f7c0-1a1f-11ea-abf6-acde48001122,8fab198e-1a1c-11ea-aef0-acde48001122,G_Device,Digital,7
93a2f82e-1a1f-11ea-abf6-acde48001122,8fab198e-1a1c-11ea-aef0-acde48001122,H_Device,Categorical,7
93a2f8a6-1a1f-11ea-abf6-acde48001122,8fab345a-1a1c-11ea-aef0-acde48001122,J_Device,Digital,2
93a2f914-1a1f-11ea-abf6-acde48001122,8fab345a-1a1c-11ea-aef0-acde48001122,J_Device,Digital,4
93a2f982-1a1f-11ea-abf6-acde48001122,8fab345a-1a1c-11ea-aef0-acde48001122,H_Device,Categorical,9
93a2f9f0-1a1f-11ea-abf6-acde48001122,8fab345a-1a1c-11ea-aef0-acde48001122,C_Device,Categorical,2
93a2fa68-1a1f-11ea-abf6-acde48001122,8fab345a-1a1c-11ea-aef0-acde48001122,J_Device,Digital,5
93a2fae0-1a1f-11ea-abf6-acde48001122,8fab4f12-1a1c-11ea-aef0-acde48001122,H_Device,Digital,6
93a2fb4e-1a1f-11ea-abf6-acde48001122,8fab4f12-1a1c-11ea-aef0-acde48001122,D_Device,Digital,7
93a2fbc6-1a1f-11ea-abf6-acde48001122,8fab4f12-1a1c-11ea-aef0-acde48001122,B_Device,Digital,9
93a2fc34-1a1f-11ea-abf6-acde48001122,8fab4f12-1a1c-11ea-aef0-acde48001122,G_Device,Digital,1
93a2fca2-1a1f-11ea-abf6-acde48001122,8fab4f12-1a1c-11ea-aef0-acde48001122,C_Device,Digital,1
93a2fd1a-1a1f-11ea-abf6-acde48001122,8fab6a24-1a1c-11ea-aef0-acde48001122,B_Device,Digital,5
93a2fd88-1a1f-11ea-abf6-acde48001122,8fab6a24-1a1c-11ea-aef0-acde48001122,D_Device,Digital,5
93a3003a-1a1f-11ea-abf6-acde48001122,8fab6a24-1a1c-11ea-aef0-acde48001122,F_Device,Categorical,1
93a300e4-1a1f-11ea-abf6-acde48001122,8fab6a24-1a1c-11ea-aef0-acde48001122,H_Device,Digital,2
93a3015c-1a1f-11ea-abf6-acde48001122,8fab6a24-1a1c-11ea-aef0-acde48001122,H_Device,Digital,9
93a301d4-1a1f-11ea-abf6-acde48001122,8fab83b0-1a1c-11ea-aef0-acde48001122,B_Device,Digital,4
93a3024c-1a1f-11ea-abf6-acde48001122,8fab83b0-1a1c-11ea-aef0-acde48001122,G_Device,Categorical,9
93a302ba-1a1f-11ea-abf6-acde48001122,8fab83b0-1a1c-11ea-aef0-acde48001122,F_Device,Digital,1
93a30328-1a1f-11ea-abf6-acde48001122,8fab83b0-1a1c-11ea-aef0-acde48001122,B_Device,Digital,5
93a303a0-1a1f-11ea-abf6-acde48001122,8fab83b0-1a1c-11ea-aef0-acde48001122,H_Device,Digital,3
93a3040e-1a1f-11ea-abf6-acde48001122,8fab9c74-1a1c-11ea-aef0-acde48001122,E_Device,Digital,5
93a30486-1a1f-11ea-abf6-acde48001122,8fab9c74-1a1c-11ea-aef0-acde48001122,J_Device,Categorical,5
93a304f4-1a1f-11ea-abf6-acde48001122,8fab9c74-1a1c-11ea-aef0-acde48001122,H_Device,Categorical,2
93a3056c-1a1f-11ea-abf6-acde48001122,8fab9c74-1a1c-11ea-aef0-acde48001122,F_Device,Digital,8
93a305da-1a1f-11ea-abf6-acde48001122,8fab9c74-1a1c-11ea-aef0-acde48001122,B_Device,Digital,8
93a30652-1a1f-11ea-abf6-acde48001122,8fabb4e8-1a1c-11ea-aef0-acde48001122,F_Device,Categorical,5
93a306c0-1a1f-11ea-abf6-acde48001122,8fabb4e8-1a1c-11ea-aef0-acde48001122,B_Device,Categorical,8
93a30738-1a1f-11ea-abf6-acde48001122,8fabb4e8-1a1c-11ea-aef0-acde48001122,D_Device,Categorical,1
93a307a6-1a1f-11ea-abf6-acde48001122,8fabb4e8-1a1c-11ea-aef0-acde48001122,H_Device,Categorical,5
93a3081e-1a1f-11ea-abf6-acde48001122,8fabb4e8-1a1c-11ea-aef0-acde48001122,I_Device,Digital,4
93a30896-1a1f-11ea-abf6-acde48001122,8fabcd20-1a1c-11ea-aef0-acde48001122,C_Device,Categorical,1
93a30904-1a1f-11ea-abf6-acde48001122,8fabcd20-1a1c-11ea-aef0-acde48001122,A_Device,Digital,9
93a30972-1a1f-11ea-abf6-acde48001122,8fabcd20-1a1c-11ea-aef0-acde48001122,J_Device,Categorical,3
93a309ea-1a1f-11ea-abf6-acde48001122,8fabcd20-1a1c-11ea-aef0-acde48001122,D_Device,Categorical,5
93a30a62-1a1f-11ea-abf6-acde48001122,8fabcd20-1a1c-11ea-aef0-acde48001122,F_Device,Digital,6
93a30ada-1a1f-11ea-abf6-acde48001122,8fabe51c-1a1c-11ea-aef0-acde48001122,B_Device,Categorical,2
93a30b52-1a1f-11ea-abf6-acde48001122,8fabe51c-1a1c-11ea-aef0-acde48001122,F_Device,Categorical,7
93a30bc0-1a1f-11ea-abf6-acde48001122,8fabe51c-1a1c-11ea-aef0-acde48001122,C_Device,Digital,6
93a30c2e-1a1f-11ea-abf6-acde48001122,8fabe51c-1a1c-11ea-aef0-acde48001122,C_Device,Categorical,2
93a30c9c-1a1f-11ea-abf6-acde48001122,8fabe51c-1a1c-11ea-aef0-acde48001122,H_Device,Digital,4
93a30d14-1a1f-11ea-abf6-acde48001122,8fabfd54-1a1c-11ea-aef0-acde48001122,D_Device,Digital,4
93a30d8c-1a1f-11ea-abf6-acde48001122,8fabfd54-1a1c-11ea-aef0-acde48001122,I_Device,Categorical,4
93a30e04-1a1f-11ea-abf6-acde48001122,8fabfd54-1a1c-11ea-aef0-acde48001122,F_Device,Categorical,4
93a30e72-1a1f-11ea-abf6-acde48001122,8fabfd54-1a1c-11ea-aef0-acde48001122,B_Device,Digital,5
93a30eea-1a1f-11ea-abf6-acde48001122,8fabfd54-1a1c-11ea-aef0-acde48001122,H_Device,Digital,1
93a30f58-1a1f-11ea-abf6-acde48001122,8fac1546-1a1c-11ea-aef0-acde48001122,H_Device,Categorical,4
93a30fc6-1a1f-11ea-abf6-acde48001122,8fac1546-1a1c-11ea-aef0-acde48001122,F_Device,Digital,9
93a31034-1a1f-11ea-abf6-acde48001122,8fac1546-1a1c-11ea-aef0-acde48001122,C_Device,Digital,7
93a310a2-1a1f-11ea-abf6-acde48001122,8fac1546-1a1c-11ea-aef0-acde48001122,C_Device,Digital,8
93a3111a-1a1f-11ea-abf6-acde48001122,8fac1546-1a1c-11ea-aef0-acde48001122,E_Device,Categorical,2
93a31188-1a1f-11ea-abf6-acde48001122,8fac2e6e-1a1c-11ea-aef0-acde48001122,D_Device,Categorical,1
93a311f6-1a1f-11ea-abf6-acde48001122,8fac2e6e-1a1c-11ea-aef0-acde48001122,H_Device,Digital,1
93a31264-1a1f-11ea-abf6-acde48001122,8fac2e6e-1a1c-11ea-aef0-acde48001122,C_Device,Digital,1
93a312d2-1a1f-11ea-abf6-acde48001122,8fac2e6e-1a1c-11ea-aef0-acde48001122,B_Device,Digital,1
93a31340-1a1f-11ea-abf6-acde48001122,8fac2e6e-1a1c-11ea-aef0-acde48001122,H_Device,Categorical,1
93a313ae-1a1f-11ea-abf6-acde48001122,8fac4926-1a1c-11ea-aef0-acde48001122,D_Device,Categorical,5
93a3141c-1a1f-11ea-abf6-acde48001122,8fac4926-1a1c-11ea-aef0-acde48001122,J_Device,Digital,8
93a31494-1a1f-11ea-abf6-acde48001122,8fac4926-1a1c-11ea-aef0-acde48001122,A_Device,Categorical,1
93a31502-1a1f-11ea-abf6-acde48001122,8fac4926-1a1c-11ea-aef0-acde48001122,C_Device,Digital,8
93a3157a-1a1f-11ea-abf6-acde48001122,8fac4926-1a1c-11ea-aef0-acde48001122,I_Device,Categorical,6
93a315f2-1a1f-11ea-abf6-acde48001122,8fac62e4-1a1c-11ea-aef0-acde48001122,C_Device,Categorical,4
93a3166a-1a1f-11ea-abf6-acde48001122,8fac62e4-1a1c-11ea-aef0-acde48001122,D_Device,Digital,2
93a316d8-1a1f-11ea-abf6-acde48001122,8fac62e4-1a1c-11ea-aef0-acde48001122,E_Device,Digital,9
93a31746-1a1f-11ea-abf6-acde48001122,8fac62e4-1a1c-11ea-aef0-acde48001122,A_Device,Digital,7
93a317b4-1a1f-11ea-abf6-acde48001122,8fac62e4-1a1c-11ea-aef0-acde48001122,J_Device,Digital,6
93a3182c-1a1f-11ea-abf6-acde48001122,8fac7b76-1a1c-11ea-aef0-acde48001122,I_Device,Categorical,2
93a3189a-1a1f-11ea-abf6-acde48001122,8fac7b76-1a1c-11ea-aef0-acde48001122,B_Device,Digital,2
93a31912-1a1f-11ea-abf6-acde48001122,8fac7b76-1a1c-11ea-aef0-acde48001122,D_Device,Categorical,4
93a31980-1a1f-11ea-abf6-acde48001122,8fac7b76-1a1c-11ea-aef0-acde48001122,H_Device,Categorical,6
93a319ee-1a1f-11ea-abf6-acde48001122,8fac7b76-1a1c-11ea-aef0-acde48001122,H_Device,Categorical,4
93a31a98-1a1f-11ea-abf6-acde48001122,8fac93f4-1a1c-11ea-aef0-acde48001122,B_Device,Digital,8
93a31b1a-1a1f-11ea-abf6-acde48001122,8fac93f4-1a1c-11ea-aef0-acde48001122,G_Device,Digital,2
93a31b88-1a1f-11ea-abf6-acde48001122,8fac93f4-1a1c-11ea-aef0-acde48001122,G_Device,Digital,3
93a31bf6-1a1f-11ea-abf6-acde48001122,8fac93f4-1a1c-11ea-aef0-acde48001122,D_Device,Digital,8
93a31c64-1a1f-11ea-abf6-acde48001122,8fac93f4-1a1c-11ea-aef0-acde48001122,E_Device,Digital,7
93a31cdc-1a1f-11ea-abf6-acde48001122,8facac2c-1a1c-11ea-aef0-acde48001122,F_Device,Digital,9
93a31d54-1a1f-11ea-abf6-acde48001122,8facac2c-1a1c-11ea-aef0-acde48001122,E_Device,Digital,2
93a31dcc-1a1f-11ea-abf6-acde48001122,8facac2c-1a1c-11ea-aef0-acde48001122,G_Device,Categorical,8
93a31e30-1a1f-11ea-abf6-acde48001122,8facac2c-1a1c-11ea-aef0-acde48001122,I_Device,Digital,3
93a31e9e-1a1f-11ea-abf6-acde48001122,8facac2c-1a1c-11ea-aef0-acde48001122,A_Device,Digital,6
93a31f16-1a1f-11ea-abf6-acde48001122,8facc496-1a1c-11ea-aef0-acde48001122,F_Device,Digital,9
93a31f84-1a1f-11ea-abf6-acde48001122,8facc496-1a1c-11ea-aef0-acde48001122,E_Device,Categorical,5
93a31ff2-1a1f-11ea-abf6-acde48001122,8facc496-1a1c-11ea-aef0-acde48001122,G_Device,Digital,2
93a32060-1a1f-11ea-abf6-acde48001122,8facc496-1a1c-11ea-aef0-acde48001122,I_Device,Categorical,7
93a320ce-1a1f-11ea-abf6-acde48001122,8facc496-1a1c-11ea-aef0-acde48001122,A_Device,Categorical,6
93a32146-1a1f-11ea-abf6-acde48001122,8facdc1a-1a1c-11ea-aef0-acde48001122,J_Device,Categorical,2
93a321b4-1a1f-11ea-abf6-acde48001122,8facdc1a-1a1c-11ea-aef0-acde48001122,F_Device,Digital,5
93a32222-1a1f-11ea-abf6-acde48001122,8facdc1a-1a1c-11ea-aef0-acde48001122,A_Device,Digital,6
93a3229a-1a1f-11ea-abf6-acde48001122,8facdc1a-1a1c-11ea-aef0-acde48001122,J_Device,Digital,3
93a32308-1a1f-11ea-abf6-acde48001122,8facdc1a-1a1c-11ea-aef0-acde48001122,C_Device,Categorical,4
93a32394-1a1f-11ea-abf6-acde48001122,8facf3e4-1a1c-11ea-aef0-acde48001122,A_Device,Categorical,7
93a32416-1a1f-11ea-abf6-acde48001122,8facf3e4-1a1c-11ea-aef0-acde48001122,H_Device,Digital,1
93a3248e-1a1f-11ea-abf6-acde48001122,8facf3e4-1a1c-11ea-aef0-acde48001122,A_Device,Digital,6
93a324fc-1a1f-11ea-abf6-acde48001122,8facf3e4-1a1c-11ea-aef0-acde48001122,B_Device,Categorical,9
93a3256a-1a1f-11ea-abf6-acde48001122,8facf3e4-1a1c-11ea-aef0-acde48001122,B_Device,Digital,6
93a325e2-1a1f-11ea-abf6-acde48001122,8fad0c80-1a1c-11ea-aef0-acde48001122,C_Device,Digital,3
93a32650-1a1f-11ea-abf6-acde48001122,8fad0c80-1a1c-11ea-aef0-acde48001122,G_Device,Digital,4
93a326be-1a1f-11ea-abf6-acde48001122,8fad0c80-1a1c-11ea-aef0-acde48001122,I_Device,Categorical,4
93a32736-1a1f-11ea-abf6-acde48001122,8fad0c80-1a1c-11ea-aef0-acde48001122,A_Device,Categorical,9
93a328d0-1a1f-11ea-abf6-acde48001122,8fad0c80-1a1c-11ea-aef0-acde48001122,J_Device,Categorical,3
93a3297a-1a1f-11ea-abf6-acde48001122,8fad2936-1a1c-11ea-aef0-acde48001122,H_Device,Categorical,3
93a329e8-1a1f-11ea-abf6-acde48001122,8fad2936-1a1c-11ea-aef0-acde48001122,H_Device,Categorical,3
93a32a60-1a1f-11ea-abf6-acde48001122,8fad2936-1a1c-11ea-aef0-acde48001122,I_Device,Categorical,2
93a32ace-1a1f-11ea-abf6-acde48001122,8fad2936-1a1c-11ea-aef0-acde48001122,H_Device,Digital,7
93a32b46-1a1f-11ea-abf6-acde48001122,8fad2936-1a1c-11ea-aef0-acde48001122,E_Device,Digital,7
93a32bb4-1a1f-11ea-abf6-acde48001122,8fad43d0-1a1c-11ea-aef0-acde48001122,A_Device,Categorical,7
93a32c22-1a1f-11ea-abf6-acde48001122,8fad43d0-1a1c-11ea-aef0-acde48001122,C_Device,Digital,5
93a32c90-1a1f-11ea-abf6-acde48001122,8fad43d0-1a1c-11ea-aef0-acde48001122,B_Device,Digital,3
93a32cfe-1a1f-11ea-abf6-acde48001122,8fad43d0-1a1c-11ea-aef0-acde48001122,B_Device,Categorical,9
93a32d6c-1a1f-11ea-abf6-acde48001122,8fad43d0-1a1c-11ea-aef0-acde48001122,F_Device,Digital,2
93a32de4-1a1f-11ea-abf6-acde48001122,8fad5c62-1a1c-11ea-aef0-acde48001122,I_Device,Categorical,4
93a32e52-1a1f-11ea-abf6-acde48001122,8fad5c62-1a1c-11ea-aef0-acde48001122,B_Device,Digital,9
93a32ec0-1a1f-11ea-abf6-acde48001122,8fad5c62-1a1c-11ea-aef0-acde48001122,C_Device,Digital,6
93a32f38-1a1f-11ea-abf6-acde48001122,8fad5c62-1a1c-11ea-aef0-acde48001122,C_Device,Digital,7
93a32fa6-1a1f-11ea-abf6-acde48001122,8fad5c62-1a1c-11ea-aef0-acde48001122,G_Device,Digital,9
93a33014-1a1f-11ea-abf6-acde48001122,8fad7440-1a1c-11ea-aef0-acde48001122,J_Device,Digital,2
93a33082-1a1f-11ea-abf6-acde48001122,8fad7440-1a1c-11ea-aef0-acde48001122,D_Device,Categorical,6
93a330f0-1a1f-11ea-abf6-acde48001122,8fad7440-1a1c-11ea-aef0-acde48001122,C_Device,Categorical,5
93a33168-1a1f-11ea-abf6-acde48001122,8fad7440-1a1c-11ea-aef0-acde48001122,E_Device,Digital,7
93a331d6-1a1f-11ea-abf6-acde48001122,8fad7440-1a1c-11ea-aef0-acde48001122,G_Device,Categorical,4
93a3324e-1a1f-11ea-abf6-acde48001122,8fad8bd8-1a1c-11ea-aef0-acde48001122,E_Device,Digital,7
93a332bc-1a1f-11ea-abf6-acde48001122,8fad8bd8-1a1c-11ea-aef0-acde48001122,E_Device,Digital,3
93a3332a-1a1f-11ea-abf6-acde48001122,8fad8bd8-1a1c-11ea-aef0-acde48001122,B_Device,Digital,6
93a33398-1a1f-11ea-abf6-acde48001122,8fad8bd8-1a1c-11ea-aef0-acde48001122,D_Device,Digital,2
93a33406-1a1f-11ea-abf6-acde48001122,8fad8bd8-1a1c-11ea-aef0-acde48001122,D_Device,Digital,1
93a3347e-1a1f-11ea-abf6-acde48001122,8fada38e-1a1c-11ea-aef0-acde48001122,G_Device,Digital,1
93a334ec-1a1f-11ea-abf6-acde48001122,8fada38e-1a1c-11ea-aef0-acde48001122,I_Device,Digital,6
93a3355a-1a1f-11ea-abf6-acde48001122,8fada38e-1a1c-11ea-aef0-acde48001122,D_Device,Categorical,1
93a335d2-1a1f-11ea-abf6-acde48001122,8fada38e-1a1c-11ea-aef0-acde48001122,D_Device,Categorical,8
93a33640-1a1f-11ea-abf6-acde48001122,8fada38e-1a1c-11ea-aef0-acde48001122,I_Device,Digital,7
93a336b8-1a1f-11ea-abf6-acde48001122,8fadbb6c-1a1c-11ea-aef0-acde48001122,H_Device,Categorical,9
93a33726-1a1f-11ea-abf6-acde48001122,8fadbb6c-1a1c-11ea-aef0-acde48001122,I_Device,Categorical,6
93a3379e-1a1f-11ea-abf6-acde48001122,8fadbb6c-1a1c-11ea-aef0-acde48001122,D_Device,Digital,1
93a33816-1a1f-11ea-abf6-acde48001122,8fadbb6c-1a1c-11ea-aef0-acde48001122,F_Device,Categorical,5
93a33884-1a1f-11ea-abf6-acde48001122,8fadbb6c-1a1c-11ea-aef0-acde48001122,C_Device,Digital,6
93a33906-1a1f-11ea-abf6-acde48001122,8fadd426-1a1c-11ea-aef0-acde48001122,D_Device,Digital,9
93a33974-1a1f-11ea-abf6-acde48001122,8fadd426-1a1c-11ea-aef0-acde48001122,H_Device,Digital,4
93a339e2-1a1f-11ea-abf6-acde48001122,8fadd426-1a1c-11ea-aef0-acde48001122,J_Device,Categorical,1
93a33a50-1a1f-11ea-abf6-acde48001122,8fadd426-1a1c-11ea-aef0-acde48001122,F_Device,Categorical,6
93a33abe-1a1f-11ea-abf6-acde48001122,8fadd426-1a1c-11ea-aef0-acde48001122,D_Device,Digital,3
93a33b36-1a1f-11ea-abf6-acde48001122,8faded76-1a1c-11ea-aef0-acde48001122,B_Device,Digital,1
93a33ba4-1a1f-11ea-abf6-acde48001122,8faded76-1a1c-11ea-aef0-acde48001122,F_Device,Categorical,3
93a33c12-1a1f-11ea-abf6-acde48001122,8faded76-1a1c-11ea-aef0-acde48001122,B_Device,Digital,9
93a33c8a-1a1f-11ea-abf6-acde48001122,8faded76-1a1c-11ea-aef0-acde48001122,B_Device,Digital,5
93a33cf8-1a1f-11ea-abf6-acde48001122,8faded76-1a1c-11ea-aef0-acde48001122,G_Device,Digital,6
93a33d66-1a1f-11ea-abf6-acde48001122,8fae055e-1a1c-11ea-aef0-acde48001122,G_Device,Digital,6
93a33dd4-1a1f-11ea-abf6-acde48001122,8fae055e-1a1c-11ea-aef0-acde48001122,F_Device,Categorical,4
93a33e42-1a1f-11ea-abf6-acde48001122,8fae055e-1a1c-11ea-aef0-acde48001122,G_Device,Categorical,2
93a33eb0-1a1f-11ea-abf6-acde48001122,8fae055e-1a1c-11ea-aef0-acde48001122,G_Device,Categorical,1
93a33f1e-1a1f-11ea-abf6-acde48001122,8fae055e-1a1c-11ea-aef0-acde48001122,I_Device,Digital,1
93a33f96-1a1f-11ea-abf6-acde48001122,8fae1e5e-1a1c-11ea-aef0-acde48001122,F_Device,Categorical,2
93a34004-1a1f-11ea-abf6-acde48001122,8fae1e5e-1a1c-11ea-aef0-acde48001122,B_Device,Digital,5
93a34086-1a1f-11ea-abf6-acde48001122,8fae1e5e-1a1c-11ea-aef0-acde48001122,B_Device,Categorical,5
93a340f4-1a1f-11ea-abf6-acde48001122,8fae1e5e-1a1c-11ea-aef0-acde48001122,I_Device,Digital,6
93a34162-1a1f-11ea-abf6-acde48001122,8fae1e5e-1a1c-11ea-aef0-acde48001122,C_Device,Digital,9
93a341da-1a1f-11ea-abf6-acde48001122,8fae36be-1a1c-11ea-aef0-acde48001122,I_Device,Digital,9
93a34248-1a1f-11ea-abf6-acde48001122,8fae36be-1a1c-11ea-aef0-acde48001122,A_Device,Digital,5
93a342b6-1a1f-11ea-abf6-acde48001122,8fae36be-1a1c-11ea-aef0-acde48001122,C_Device,Categorical,5
93a34324-1a1f-11ea-abf6-acde48001122,8fae36be-1a1c-11ea-aef0-acde48001122,F_Device,Categorical,1
93a34392-1a1f-11ea-abf6-acde48001122,8fae36be-1a1c-11ea-aef0-acde48001122,A_Device,Categorical,2
93a3440a-1a1f-11ea-abf6-acde48001122,8fae4e10-1a1c-11ea-aef0-acde48001122,I_Device,Categorical,9
93a34478-1a1f-11ea-abf6-acde48001122,8fae4e10-1a1c-11ea-aef0-acde48001122,I_Device,Digital,7
93a344f0-1a1f-11ea-abf6-acde48001122,8fae4e10-1a1c-11ea-aef0-acde48001122,E_Device,Digital,8
93a3455e-1a1f-11ea-abf6-acde48001122,8fae4e10-1a1c-11ea-aef0-acde48001122,D_Device,Digital,3
93a345d6-1a1f-11ea-abf6-acde48001122,8fae4e10-1a1c-11ea-aef0-acde48001122,B_Device,Categorical,7
93a34644-1a1f-11ea-abf6-acde48001122,8fae6544-1a1c-11ea-aef0-acde48001122,A_Device,Digital,7
93a346bc-1a1f-11ea-abf6-acde48001122,8fae6544-1a1c-11ea-aef0-acde48001122,C_Device,Categorical,4
93a34720-1a1f-11ea-abf6-acde48001122,8fae6544-1a1c-11ea-aef0-acde48001122,H_Device,Categorical,5
93a3478e-1a1f-11ea-abf6-acde48001122,8fae6544-1a1c-11ea-aef0-acde48001122,I_Device,Digital,4
93a347fc-1a1f-11ea-abf6-acde48001122,8fae6544-1a1c-11ea-aef0-acde48001122,C_Device,Categorical,6
93a34874-1a1f-11ea-abf6-acde48001122,8fae7f20-1a1c-11ea-aef0-acde48001122,J_Device,Categorical,7
93a348e2-1a1f-11ea-abf6-acde48001122,8fae7f20-1a1c-11ea-aef0-acde48001122,D_Device,Digital,5
93a34950-1a1f-11ea-abf6-acde48001122,8fae7f20-1a1c-11ea-aef0-acde48001122,B_Device,Digital,9
93a349be-1a1f-11ea-abf6-acde48001122,8fae7f20-1a1c-11ea-aef0-acde48001122,F_Device,Categorical,6
93a34a2c-1a1f-11ea-abf6-acde48001122,8fae7f20-1a1c-11ea-aef0-acde48001122,H_Device,Digital,3
93a34aa4-1a1f-11ea-abf6-acde48001122,8faea2d4-1a1c-11ea-aef0-acde48001122,J_Device,Digital,4
93a34b12-1a1f-11ea-abf6-acde48001122,8faea2d4-1a1c-11ea-aef0-acde48001122,D_Device,Categorical,3
93a34b80-1a1f-11ea-abf6-acde48001122,8faea2d4-1a1c-11ea-aef0-acde48001122,D_Device,Categorical,8
93a34bee-1a1f-11ea-abf6-acde48001122,8faea2d4-1a1c-11ea-aef0-acde48001122,H_Device,Digital,5
93a34c5c-1a1f-11ea-abf6-acde48001122,8faea2d4-1a1c-11ea-aef0-acde48001122,G_Device,Digital,7
93a34cca-1a1f-11ea-abf6-acde48001122,8faebfa8-1a1c-11ea-aef0-acde48001122,E_Device,Digital,6
93a34d42-1a1f-11ea-abf6-acde48001122,8faebfa8-1a1c-11ea-aef0-acde48001122,J_Device,Digital,4
93a34da6-1a1f-11ea-abf6-acde48001122,8faebfa8-1a1c-11ea-aef0-acde48001122,B_Device,Categorical,5
93a34e28-1a1f-11ea-abf6-acde48001122,8faebfa8-1a1c-11ea-aef0-acde48001122,G_Device,Categorical,6
93a34e8c-1a1f-11ea-abf6-acde48001122,8faebfa8-1a1c-11ea-aef0-acde48001122,J_Device,Digital,9
93a34f04-1a1f-11ea-abf6-acde48001122,8faedae2-1a1c-11ea-aef0-acde48001122,C_Device,Digital,8
93a3508a-1a1f-11ea-abf6-acde48001122,8faedae2-1a1c-11ea-aef0-acde48001122,G_Device,Categorical,5
93a35116-1a1f-11ea-abf6-acde48001122,8faedae2-1a1c-11ea-aef0-acde48001122,H_Device,Categorical,7
93a35198-1a1f-11ea-abf6-acde48001122,8faedae2-1a1c-11ea-aef0-acde48001122,J_Device,Digital,1
93a351fc-1a1f-11ea-abf6-acde48001122,8faedae2-1a1c-11ea-aef0-acde48001122,E_Device,Digital,6
93a3527e-1a1f-11ea-abf6-acde48001122,8faef52c-1a1c-11ea-aef0-acde48001122,C_Device,Categorical,4
93a352ec-1a1f-11ea-abf6-acde48001122,8faef52c-1a1c-11ea-aef0-acde48001122,B_Device,Digital,5
93a35364-1a1f-11ea-abf6-acde48001122,8faef52c-1a1c-11ea-aef0-acde48001122,F_Device,Digital,1
93a353c8-1a1f-11ea-abf6-acde48001122,8faef52c-1a1c-11ea-aef0-acde48001122,I_Device,Categorical,1
93a35436-1a1f-11ea-abf6-acde48001122,8faef52c-1a1c-11ea-aef0-acde48001122,G_Device,Digital,9
93a354ae-1a1f-11ea-abf6-acde48001122,8faf0f26-1a1c-11ea-aef0-acde48001122,I_Device,Digital,9
93a3551c-1a1f-11ea-abf6-acde48001122,8faf0f26-1a1c-11ea-aef0-acde48001122,C_Device,Categorical,1
93a35594-1a1f-11ea-abf6-acde48001122,8faf0f26-1a1c-11ea-aef0-acde48001122,I_Device,Digital,7
93a35602-1a1f-11ea-abf6-acde48001122,8faf0f26-1a1c-11ea-aef0-acde48001122,G_Device,Digital,4
93a35666-1a1f-11ea-abf6-acde48001122,8faf0f26-1a1c-11ea-aef0-acde48001122,J_Device,Digital,8
93a356de-1a1f-11ea-abf6-acde48001122,8faf28e4-1a1c-11ea-aef0-acde48001122,B_Device,Digital,1
93a35756-1a1f-11ea-abf6-acde48001122,8faf28e4-1a1c-11ea-aef0-acde48001122,J_Device,Digital,8
93a357c4-1a1f-11ea-abf6-acde48001122,8faf28e4-1a1c-11ea-aef0-acde48001122,B_Device,Digital,4
93a35832-1a1f-11ea-abf6-acde48001122,8faf28e4-1a1c-11ea-aef0-acde48001122,F_Device,Digital,2
93a358a0-1a1f-11ea-abf6-acde48001122,8faf28e4-1a1c-11ea-aef0-acde48001122,B_Device,Digital,9
93a3590e-1a1f-11ea-abf6-acde48001122,8faf4234-1a1c-11ea-aef0-acde48001122,J_Device,Categorical,2
93a3597c-1a1f-11ea-abf6-acde48001122,8faf4234-1a1c-11ea-aef0-acde48001122,G_Device,Digital,7
93a359f4-1a1f-11ea-abf6-acde48001122,8faf4234-1a1c-11ea-aef0-acde48001122,J_Device,Digital,1
93a35a62-1a1f-11ea-abf6-acde48001122,8faf4234-1a1c-11ea-aef0-acde48001122,J_Device,Categorical,2
93a35ad0-1a1f-11ea-abf6-acde48001122,8faf4234-1a1c-11ea-aef0-acde48001122,B_Device,Digital,8
93a35b48-1a1f-11ea-abf6-acde48001122,8faf65a2-1a1c-11ea-aef0-acde48001122,J_Device,Digital,9
93a35bc0-1a1f-11ea-abf6-acde48001122,8faf65a2-1a1c-11ea-aef0-acde48001122,J_Device,Categorical,4
93a35c24-1a1f-11ea-abf6-acde48001122,8faf65a2-1a1c-11ea-aef0-acde48001122,B_Device,Categorical,9
93a35c9c-1a1f-11ea-abf6-acde48001122,8faf65a2-1a1c-11ea-aef0-acde48001122,C_Device,Digital,4
93a35d14-1a1f-11ea-abf6-acde48001122,8faf65a2-1a1c-11ea-aef0-acde48001122,G_Device,Categorical,2
93a35d8c-1a1f-11ea-abf6-acde48001122,8faf7f1a-1a1c-11ea-aef0-acde48001122,I_Device,Categorical,2
93a35dfa-1a1f-11ea-abf6-acde48001122,8faf7f1a-1a1c-11ea-aef0-acde48001122,B_Device,Categorical,7
93a35e68-1a1f-11ea-abf6-acde48001122,8faf7f1a-1a1c-11ea-aef0-acde48001122,J_Device,Categorical,8
93a35ed6-1a1f-11ea-abf6-acde48001122,8faf7f1a-1a1c-11ea-aef0-acde48001122,D_Device,Categorical,3
93a35f44-1a1f-11ea-abf6-acde48001122,8faf7f1a-1a1c-11ea-aef0-acde48001122,E_Device,Categorical,4
93a35fbc-1a1f-11ea-abf6-acde48001122,8faf99a0-1a1c-11ea-aef0-acde48001122,H_Device,Categorical,4
93a36034-1a1f-11ea-abf6-acde48001122,8faf99a0-1a1c-11ea-aef0-acde48001122,J_Device,Categorical,9
93a360a2-1a1f-11ea-abf6-acde48001122,8faf99a0-1a1c-11ea-aef0-acde48001122,I_Device,Digital,3
93a36110-1a1f-11ea-abf6-acde48001122,8faf99a0-1a1c-11ea-aef0-acde48001122,E_Device,Categorical,7
93a36188-1a1f-11ea-abf6-acde48001122,8faf99a0-1a1c-11ea-aef0-acde48001122,A_Device,Categorical,9
93a36200-1a1f-11ea-abf6-acde48001122,8fafb340-1a1c-11ea-aef0-acde48001122,F_Device,Digital,8
93a3626e-1a1f-11ea-abf6-acde48001122,8fafb340-1a1c-11ea-aef0-acde48001122,D_Device,Digital,8
93a362e6-1a1f-11ea-abf6-acde48001122,8fafb340-1a1c-11ea-aef0-acde48001122,G_Device,Digital,1
93a3635e-1a1f-11ea-abf6-acde48001122,8fafb340-1a1c-11ea-aef0-acde48001122,E_Device,Categorical,7
93a363d6-1a1f-11ea-abf6-acde48001122,8fafb340-1a1c-11ea-aef0-acde48001122,A_Device,Digital,9
93a36458-1a1f-11ea-abf6-acde48001122,8fafcc90-1a1c-11ea-aef0-acde48001122,F_Device,Digital,5
93a364c6-1a1f-11ea-abf6-acde48001122,8fafcc90-1a1c-11ea-aef0-acde48001122,D_Device,Categorical,2
93a36534-1a1f-11ea-abf6-acde48001122,8fafcc90-1a1c-11ea-aef0-acde48001122,G_Device,Digital,2
93a365a2-1a1f-11ea-abf6-acde48001122,8fafcc90-1a1c-11ea-aef0-acde48001122,C_Device,Categorical,8
93a36610-1a1f-11ea-abf6-acde48001122,8fafcc90-1a1c-11ea-aef0-acde48001122,H_Device,Digital,5
93a36688-1a1f-11ea-abf6-acde48001122,8fafe5b8-1a1c-11ea-aef0-acde48001122,A_Device,Categorical,5
93a366f6-1a1f-11ea-abf6-acde48001122,8fafe5b8-1a1c-11ea-aef0-acde48001122,D_Device,Categorical,3
93a36764-1a1f-11ea-abf6-acde48001122,8fafe5b8-1a1c-11ea-aef0-acde48001122,D_Device,Digital,5
93a367d2-1a1f-11ea-abf6-acde48001122,8fafe5b8-1a1c-11ea-aef0-acde48001122,J_Device,Digital,9
93a3684a-1a1f-11ea-abf6-acde48001122,8fafe5b8-1a1c-11ea-aef0-acde48001122,A_Device,Digital,8
93a368c2-1a1f-11ea-abf6-acde48001122,8fafff76-1a1c-11ea-aef0-acde48001122,E_Device,Digital,9
93a36930-1a1f-11ea-abf6-acde48001122,8fafff76-1a1c-11ea-aef0-acde48001122,G_Device,Digital,4
93a3699e-1a1f-11ea-abf6-acde48001122,8fafff76-1a1c-11ea-aef0-acde48001122,I_Device,Categorical,3
93a36a0c-1a1f-11ea-abf6-acde48001122,8fafff76-1a1c-11ea-aef0-acde48001122,E_Device,Categorical,2
93a36a7a-1a1f-11ea-abf6-acde48001122,8fafff76-1a1c-11ea-aef0-acde48001122,E_Device,Categorical,3
93a36af2-1a1f-11ea-abf6-acde48001122,8fb01a06-1a1c-11ea-aef0-acde48001122,J_Device,Categorical,6
93a36b60-1a1f-11ea-abf6-acde48001122,8fb01a06-1a1c-11ea-aef0-acde48001122,J_Device,Categorical,1
93a36bce-1a1f-11ea-abf6-acde48001122,8fb01a06-1a1c-11ea-aef0-acde48001122,C_Device,Digital,1
93a36c3c-1a1f-11ea-abf6-acde48001122,8fb01a06-1a1c-11ea-aef0-acde48001122,A_Device,Digital,2
93a36cb4-1a1f-11ea-abf6-acde48001122,8fb01a06-1a1c-11ea-aef0-acde48001122,B_Device,Digital,1
93a36d22-1a1f-11ea-abf6-acde48001122,8fb033ba-1a1c-11ea-aef0-acde48001122,B_Device,Digital,8
93a36d90-1a1f-11ea-abf6-acde48001122,8fb033ba-1a1c-11ea-aef0-acde48001122,B_Device,Digital,4
93a36e08-1a1f-11ea-abf6-acde48001122,8fb033ba-1a1c-11ea-aef0-acde48001122,H_Device,Digital,1
93a36e76-1a1f-11ea-abf6-acde48001122,8fb033ba-1a1c-11ea-aef0-acde48001122,C_Device,Categorical,5
93a36eee-1a1f-11ea-abf6-acde48001122,8fb033ba-1a1c-11ea-aef0-acde48001122,D_Device,Categorical,3
93a36f5c-1a1f-11ea-abf6-acde48001122,8fb04d8c-1a1c-11ea-aef0-acde48001122,J_Device,Digital,9
93a36fca-1a1f-11ea-abf6-acde48001122,8fb04d8c-1a1c-11ea-aef0-acde48001122,E_Device,Categorical,8
93a37038-1a1f-11ea-abf6-acde48001122,8fb04d8c-1a1c-11ea-aef0-acde48001122,I_Device,Categorical,9
93a370a6-1a1f-11ea-abf6-acde48001122,8fb04d8c-1a1c-11ea-aef0-acde48001122,H_Device,Digital,5
93a37114-1a1f-11ea-abf6-acde48001122,8fb04d8c-1a1c-11ea-aef0-acde48001122,J_Device,Digital,7
93a3718c-1a1f-11ea-abf6-acde48001122,8fb0683a-1a1c-11ea-aef0-acde48001122,H_Device,Digital,3
93a371fa-1a1f-11ea-abf6-acde48001122,8fb0683a-1a1c-11ea-aef0-acde48001122,H_Device,Categorical,2
93a37268-1a1f-11ea-abf6-acde48001122,8fb0683a-1a1c-11ea-aef0-acde48001122,D_Device,Digital,9
93a372d6-1a1f-11ea-abf6-acde48001122,8fb0683a-1a1c-11ea-aef0-acde48001122,J_Device,Categorical,2
93a3734e-1a1f-11ea-abf6-acde48001122,8fb0683a-1a1c-11ea-aef0-acde48001122,J_Device,Digital,7
93a373c6-1a1f-11ea-abf6-acde48001122,8fb081bc-1a1c-11ea-aef0-acde48001122,B_Device,Categorical,4
93a37434-1a1f-11ea-abf6-acde48001122,8fb081bc-1a1c-11ea-aef0-acde48001122,B_Device,Digital,4
93a374ac-1a1f-11ea-abf6-acde48001122,8fb081bc-1a1c-11ea-aef0-acde48001122,G_Device,Digital,7
93a3751a-1a1f-11ea-abf6-acde48001122,8fb081bc-1a1c-11ea-aef0-acde48001122,B_Device,Categorical,3
93a37588-1a1f-11ea-abf6-acde48001122,8fb081bc-1a1c-11ea-aef0-acde48001122,B_Device,Digital,9
93a37600-1a1f-11ea-abf6-acde48001122,8fb09a62-1a1c-11ea-aef0-acde48001122,F_Device,Digital,2
93a3766e-1a1f-11ea-abf6-acde48001122,8fb09a62-1a1c-11ea-aef0-acde48001122,J_Device,Digital,7
93a376e6-1a1f-11ea-abf6-acde48001122,8fb09a62-1a1c-11ea-aef0-acde48001122,E_Device,Categorical,7
93a3786c-1a1f-11ea-abf6-acde48001122,8fb09a62-1a1c-11ea-aef0-acde48001122,I_Device,Categorical,2
93a37902-1a1f-11ea-abf6-acde48001122,8fb09a62-1a1c-11ea-aef0-acde48001122,G_Device,Digital,5
93a3797a-1a1f-11ea-abf6-acde48001122,8fb0b312-1a1c-11ea-aef0-acde48001122,H_Device,Categorical,5
93a379e8-1a1f-11ea-abf6-acde48001122,8fb0b312-1a1c-11ea-aef0-acde48001122,J_Device,Digital,8
93a37a56-1a1f-11ea-abf6-acde48001122,8fb0b312-1a1c-11ea-aef0-acde48001122,H_Device,Categorical,5
93a37ac4-1a1f-11ea-abf6-acde48001122,8fb0b312-1a1c-11ea-aef0-acde48001122,B_Device,Digital,1
93a37b32-1a1f-11ea-abf6-acde48001122,8fb0b312-1a1c-11ea-aef0-acde48001122,H_Device,Categorical,5
93a37baa-1a1f-11ea-abf6-acde48001122,8fb0cc62-1a1c-11ea-aef0-acde48001122,C_Device,Categorical,1
93a37c18-1a1f-11ea-abf6-acde48001122,8fb0cc62-1a1c-11ea-aef0-acde48001122,G_Device,Categorical,3
93a37c86-1a1f-11ea-abf6-acde48001122,8fb0cc62-1a1c-11ea-aef0-acde48001122,A_Device,Digital,7
93a37cf4-1a1f-11ea-abf6-acde48001122,8fb0cc62-1a1c-11ea-aef0-acde48001122,C_Device,Categorical,9
93a37d62-1a1f-11ea-abf6-acde48001122,8fb0cc62-1a1c-11ea-aef0-acde48001122,E_Device,Digital,9
93a37dd0-1a1f-11ea-abf6-acde48001122,8fb0e5ee-1a1c-11ea-aef0-acde48001122,E_Device,Categorical,2
93a37e3e-1a1f-11ea-abf6-acde48001122,8fb0e5ee-1a1c-11ea-aef0-acde48001122,F_Device,Categorical,7
93a37eb6-1a1f-11ea-abf6-acde48001122,8fb0e5ee-1a1c-11ea-aef0-acde48001122,D_Device,Categorical,8
93a37f24-1a1f-11ea-abf6-acde48001122,8fb0e5ee-1a1c-11ea-aef0-acde48001122,B_Device,Categorical,4
93a37f92-1a1f-11ea-abf6-acde48001122,8fb0e5ee-1a1c-11ea-aef0-acde48001122,A_Device,Digital,1
93a3800a-1a1f-11ea-abf6-acde48001122,8fb100ec-1a1c-11ea-aef0-acde48001122,C_Device,Categorical,4
93a38078-1a1f-11ea-abf6-acde48001122,8fb100ec-1a1c-11ea-aef0-acde48001122,A_Device,Categorical,2
93a380e6-1a1f-11ea-abf6-acde48001122,8fb100ec-1a1c-11ea-aef0-acde48001122,C_Device,Digital,7
93a3815e-1a1f-11ea-abf6-acde48001122,8fb100ec-1a1c-11ea-aef0-acde48001122,B_Device,Digital,4
93a381cc-1a1f-11ea-abf6-acde48001122,8fb100ec-1a1c-11ea-aef0-acde48001122,J_Device,Categorical,8
93a38244-1a1f-11ea-abf6-acde48001122,8fb11f96-1a1c-11ea-aef0-acde48001122,J_Device,Categorical,5
93a382a8-1a1f-11ea-abf6-acde48001122,8fb11f96-1a1c-11ea-aef0-acde48001122,I_Device,Categorical,2
93a38320-1a1f-11ea-abf6-acde48001122,8fb11f96-1a1c-11ea-aef0-acde48001122,C_Device,Digital,9
93a38398-1a1f-11ea-abf6-acde48001122,8fb11f96-1a1c-11ea-aef0-acde48001122,A_Device,Digital,1
93a38406-1a1f-11ea-abf6-acde48001122,8fb11f96-1a1c-11ea-aef0-acde48001122,F_Device,Categorical,8
93a3847e-1a1f-11ea-abf6-acde48001122,8fb13b02-1a1c-11ea-aef0-acde48001122,H_Device,Digital,4
93a384ec-1a1f-11ea-abf6-acde48001122,8fb13b02-1a1c-11ea-aef0-acde48001122,G_Device,Digital,4
93a38564-1a1f-11ea-abf6-acde48001122,8fb13b02-1a1c-11ea-aef0-acde48001122,B_Device,Categorical,8
93a385d2-1a1f-11ea-abf6-acde48001122,8fb13b02-1a1c-11ea-aef0-acde48001122,J_Device,Categorical,2
93a38640-1a1f-11ea-abf6-acde48001122,8fb13b02-1a1c-11ea-aef0-acde48001122,B_Device,Categorical,7
93a386b8-1a1f-11ea-abf6-acde48001122,8fb15632-1a1c-11ea-aef0-acde48001122,C_Device,Digital,8
93a38726-1a1f-11ea-abf6-acde48001122,8fb15632-1a1c-11ea-aef0-acde48001122,B_Device,Digital,2
93a3878a-1a1f-11ea-abf6-acde48001122,8fb15632-1a1c-11ea-aef0-acde48001122,F_Device,Digital,5
93a387f8-1a1f-11ea-abf6-acde48001122,8fb15632-1a1c-11ea-aef0-acde48001122,A_Device,Digital,3
93a38870-1a1f-11ea-abf6-acde48001122,8fb15632-1a1c-11ea-aef0-acde48001122,H_Device,Categorical,9
93a388de-1a1f-11ea-abf6-acde48001122,8fb16ffa-1a1c-11ea-aef0-acde48001122,B_Device,Categorical,4
93a3894c-1a1f-11ea-abf6-acde48001122,8fb16ffa-1a1c-11ea-aef0-acde48001122,E_Device,Digital,9
93a389ba-1a1f-11ea-abf6-acde48001122,8fb16ffa-1a1c-11ea-aef0-acde48001122,D_Device,Digital,9
93a38a28-1a1f-11ea-abf6-acde48001122,8fb16ffa-1a1c-11ea-aef0-acde48001122,F_Device,Digital,2
93a38a96-1a1f-11ea-abf6-acde48001122,8fb16ffa-1a1c-11ea-aef0-acde48001122,E_Device,Digital,1
93a38b04-1a1f-11ea-abf6-acde48001122,8fb18a08-1a1c-11ea-aef0-acde48001122,I_Device,Digital,3
93a38b7c-1a1f-11ea-abf6-acde48001122,8fb18a08-1a1c-11ea-aef0-acde48001122,I_Device,Digital,5
93a38bfe-1a1f-11ea-abf6-acde48001122,8fb18a08-1a1c-11ea-aef0-acde48001122,D_Device,Digital,6
93a38c6c-1a1f-11ea-abf6-acde48001122,8fb18a08-1a1c-11ea-aef0-acde48001122,H_Device,Categorical,7
93a38d20-1a1f-11ea-abf6-acde48001122,8fb18a08-1a1c-11ea-aef0-acde48001122,G_Device,Digital,2
93a38d98-1a1f-11ea-abf6-acde48001122,8fb1a47a-1a1c-11ea-aef0-acde48001122,F_Device,Categorical,6
93a38e06-1a1f-11ea-abf6-acde48001122,8fb1a47a-1a1c-11ea-aef0-acde48001122,B_Device,Categorical,5
93a38e7e-1a1f-11ea-abf6-acde48001122,8fb1a47a-1a1c-11ea-aef0-acde48001122,B_Device,Digital,8
93a38eec-1a1f-11ea-abf6-acde48001122,8fb1a47a-1a1c-11ea-aef0-acde48001122,J_Device,Categorical,2
93a38f5a-1a1f-11ea-abf6-acde48001122,8fb1a47a-1a1c-11ea-aef0-acde48001122,E_Device,Categorical,8
93a38fd2-1a1f-11ea-abf6-acde48001122,8fb1bdc0-1a1c-11ea-aef0-acde48001122,H_Device,Digital,1
93a3904a-1a1f-11ea-abf6-acde48001122,8fb1bdc0-1a1c-11ea-aef0-acde48001122,B_Device,Digital,5
93a390b8-1a1f-11ea-abf6-acde48001122,8fb1bdc0-1a1c-11ea-aef0-acde48001122,H_Device,Digital,1
93a39130-1a1f-11ea-abf6-acde48001122,8fb1bdc0-1a1c-11ea-aef0-acde48001122,F_Device,Categorical,4
93a3919e-1a1f-11ea-abf6-acde48001122,8fb1bdc0-1a1c-11ea-aef0-acde48001122,F_Device,Digital,8
93a3920c-1a1f-11ea-abf6-acde48001122,8fb1d67a-1a1c-11ea-aef0-acde48001122,H_Device,Categorical,6
93a39284-1a1f-11ea-abf6-acde48001122,8fb1d67a-1a1c-11ea-aef0-acde48001122,D_Device,Digital,8
93a392f2-1a1f-11ea-abf6-acde48001122,8fb1d67a-1a1c-11ea-aef0-acde48001122,B_Device,Digital,2
93a39360-1a1f-11ea-abf6-acde48001122,8fb1d67a-1a1c-11ea-aef0-acde48001122,H_Device,Digital,8
93a393ce-1a1f-11ea-abf6-acde48001122,8fb1d67a-1a1c-11ea-aef0-acde48001122,E_Device,Digital,6
93a3943c-1a1f-11ea-abf6-acde48001122,8fb1eea8-1a1c-11ea-aef0-acde48001122,A_Device,Digital,8
93a394b4-1a1f-11ea-abf6-acde48001122,8fb1eea8-1a1c-11ea-aef0-acde48001122,D_Device,Digital,9
93a39522-1a1f-11ea-abf6-acde48001122,8fb1eea8-1a1c-11ea-aef0-acde48001122,C_Device,Digital,2
93a39590-1a1f-11ea-abf6-acde48001122,8fb1eea8-1a1c-11ea-aef0-acde48001122,I_Device,Categorical,1
93a39608-1a1f-11ea-abf6-acde48001122,8fb1eea8-1a1c-11ea-aef0-acde48001122,H_Device,Categorical,9
93a39680-1a1f-11ea-abf6-acde48001122,8fb20762-1a1c-11ea-aef0-acde48001122,H_Device,Digital,9
93a396ee-1a1f-11ea-abf6-acde48001122,8fb20762-1a1c-11ea-aef0-acde48001122,C_Device,Categorical,9
93a3975c-1a1f-11ea-abf6-acde48001122,8fb20762-1a1c-11ea-aef0-acde48001122,A_Device,Digital,6
93a397d4-1a1f-11ea-abf6-acde48001122,8fb20762-1a1c-11ea-aef0-acde48001122,G_Device,Categorical,8
93a39842-1a1f-11ea-abf6-acde48001122,8fb20762-1a1c-11ea-aef0-acde48001122,B_Device,Digital,8
93a398b0-1a1f-11ea-abf6-acde48001122,8fb220da-1a1c-11ea-aef0-acde48001122,F_Device,Digital,3
93a39928-1a1f-11ea-abf6-acde48001122,8fb220da-1a1c-11ea-aef0-acde48001122,I_Device,Digital,8
93a39996-1a1f-11ea-abf6-acde48001122,8fb220da-1a1c-11ea-aef0-acde48001122,C_Device,Digital,5
93a39a04-1a1f-11ea-abf6-acde48001122,8fb220da-1a1c-11ea-aef0-acde48001122,H_Device,Digital,6
93a39a7c-1a1f-11ea-abf6-acde48001122,8fb220da-1a1c-11ea-aef0-acde48001122,C_Device,Categorical,5
93a39af4-1a1f-11ea-abf6-acde48001122,8fb2399e-1a1c-11ea-aef0-acde48001122,C_Device,Categorical,5
93a39b62-1a1f-11ea-abf6-acde48001122,8fb2399e-1a1c-11ea-aef0-acde48001122,B_Device,Digital,3
93a39bd0-1a1f-11ea-abf6-acde48001122,8fb2399e-1a1c-11ea-aef0-acde48001122,E_Device,Categorical,8
93a39c3e-1a1f-11ea-abf6-acde48001122,8fb2399e-1a1c-11ea-aef0-acde48001122,B_Device,Categorical,3
93a39cb6-1a1f-11ea-abf6-acde48001122,8fb2399e-1a1c-11ea-aef0-acde48001122,F_Device,Digital,1
93a39d24-1a1f-11ea-abf6-acde48001122,8fb2526c-1a1c-11ea-aef0-acde48001122,D_Device,Digital,2
93a39d92-1a1f-11ea-abf6-acde48001122,8fb2526c-1a1c-11ea-aef0-acde48001122,E_Device,Categorical,3
93a39e00-1a1f-11ea-abf6-acde48001122,8fb2526c-1a1c-11ea-aef0-acde48001122,I_Device,Digital,4
93a39e6e-1a1f-11ea-abf6-acde48001122,8fb2526c-1a1c-11ea-aef0-acde48001122,D_Device,Categorical,5
93a39edc-1a1f-11ea-abf6-acde48001122,8fb2526c-1a1c-11ea-aef0-acde48001122,G_Device,Categorical,1
93a3a06c-1a1f-11ea-abf6-acde48001122,8fb26b3a-1a1c-11ea-aef0-acde48001122,D_Device,Digital,1
93a3a102-1a1f-11ea-abf6-acde48001122,8fb26b3a-1a1c-11ea-aef0-acde48001122,A_Device,Digital,9
93a3a17a-1a1f-11ea-abf6-acde48001122,8fb26b3a-1a1c-11ea-aef0-acde48001122,F_Device,Categorical,3
93a3a1e8-1a1f-11ea-abf6-acde48001122,8fb26b3a-1a1c-11ea-aef0-acde48001122,J_Device,Categorical,2
93a3a256-1a1f-11ea-abf6-acde48001122,8fb26b3a-1a1c-11ea-aef0-acde48001122,I_Device,Categorical,5
93a3a2ce-1a1f-11ea-abf6-acde48001122,8fb28462-1a1c-11ea-aef0-acde48001122,A_Device,Categorical,9
93a3a346-1a1f-11ea-abf6-acde48001122,8fb28462-1a1c-11ea-aef0-acde48001122,F_Device,Digital,9
93a3a3b4-1a1f-11ea-abf6-acde48001122,8fb28462-1a1c-11ea-aef0-acde48001122,I_Device,Categorical,6
93a3a42c-1a1f-11ea-abf6-acde48001122,8fb28462-1a1c-11ea-aef0-acde48001122,A_Device,Digital,2
93a3a49a-1a1f-11ea-abf6-acde48001122,8fb28462-1a1c-11ea-aef0-acde48001122,H_Device,Digital,7
93a3a508-1a1f-11ea-abf6-acde48001122,8fb29ca4-1a1c-11ea-aef0-acde48001122,E_Device,Digital,3
93a3a576-1a1f-11ea-abf6-acde48001122,8fb29ca4-1a1c-11ea-aef0-acde48001122,J_Device,Categorical,4
93a3a5e4-1a1f-11ea-abf6-acde48001122,8fb29ca4-1a1c-11ea-aef0-acde48001122,B_Device,Digital,1
93a3a65c-1a1f-11ea-abf6-acde48001122,8fb29ca4-1a1c-11ea-aef0-acde48001122,G_Device,Digital,4
93a3a6ca-1a1f-11ea-abf6-acde48001122,8fb29ca4-1a1c-11ea-aef0-acde48001122,G_Device,Digital,9
93a3a738-1a1f-11ea-abf6-acde48001122,8fb2b4aa-1a1c-11ea-aef0-acde48001122,C_Device,Categorical,1
93a3a7b0-1a1f-11ea-abf6-acde48001122,8fb2b4aa-1a1c-11ea-aef0-acde48001122,E_Device,Digital,1
93a3a81e-1a1f-11ea-abf6-acde48001122,8fb2b4aa-1a1c-11ea-aef0-acde48001122,J_Device,Digital,2
93a3a896-1a1f-11ea-abf6-acde48001122,8fb2b4aa-1a1c-11ea-aef0-acde48001122,J_Device,Categorical,5
93a3a904-1a1f-11ea-abf6-acde48001122,8fb2b4aa-1a1c-11ea-aef0-acde48001122,D_Device,Digital,2
93a3a97c-1a1f-11ea-abf6-acde48001122,8fb2cc88-1a1c-11ea-aef0-acde48001122,H_Device,Digital,9
93a3a9ea-1a1f-11ea-abf6-acde48001122,8fb2cc88-1a1c-11ea-aef0-acde48001122,G_Device,Digital,7
93a3aa58-1a1f-11ea-abf6-acde48001122,8fb2cc88-1a1c-11ea-aef0-acde48001122,H_Device,Categorical,2
93a3aac6-1a1f-11ea-abf6-acde48001122,8fb2cc88-1a1c-11ea-aef0-acde48001122,F_Device,Digital,4
93a3ab34-1a1f-11ea-abf6-acde48001122,8fb2cc88-1a1c-11ea-aef0-acde48001122,J_Device,Categorical,4
93a3abac-1a1f-11ea-abf6-acde48001122,8fb2e4b6-1a1c-11ea-aef0-acde48001122,F_Device,Categorical,5
93a3ac1a-1a1f-11ea-abf6-acde48001122,8fb2e4b6-1a1c-11ea-aef0-acde48001122,G_Device,Categorical,4
93a3ac92-1a1f-11ea-abf6-acde48001122,8fb2e4b6-1a1c-11ea-aef0-acde48001122,C_Device,Categorical,1
93a3ad00-1a1f-11ea-abf6-acde48001122,8fb2e4b6-1a1c-11ea-aef0-acde48001122,D_Device,Categorical,1
93a3ad78-1a1f-11ea-abf6-acde48001122,8fb2e4b6-1a1c-11ea-aef0-acde48001122,I_Device,Digital,1
93a3adf0-1a1f-11ea-abf6-acde48001122,8fb2fd0c-1a1c-11ea-aef0-acde48001122,I_Device,Categorical,2
93a3ae5e-1a1f-11ea-abf6-acde48001122,8fb2fd0c-1a1c-11ea-aef0-acde48001122,H_Device,Digital,1
93a3aecc-1a1f-11ea-abf6-acde48001122,8fb2fd0c-1a1c-11ea-aef0-acde48001122,H_Device,Digital,8
93a3af3a-1a1f-11ea-abf6-acde48001122,8fb2fd0c-1a1c-11ea-aef0-acde48001122,H_Device,Digital,6
93a3afa8-1a1f-11ea-abf6-acde48001122,8fb2fd0c-1a1c-11ea-aef0-acde48001122,D_Device,Categorical,7
93a3b016-1a1f-11ea-abf6-acde48001122,8fb3151c-1a1c-11ea-aef0-acde48001122,F_Device,Categorical,8
93a3b08e-1a1f-11ea-abf6-acde48001122,8fb3151c-1a1c-11ea-aef0-acde48001122,E_Device,Categorical,6
93a3b0fc-1a1f-11ea-abf6-acde48001122,8fb3151c-1a1c-11ea-aef0-acde48001122,F_Device,Digital,3
93a3b16a-1a1f-11ea-abf6-acde48001122,8fb3151c-1a1c-11ea-aef0-acde48001122,I_Device,Digital,8
93a3b1d8-1a1f-11ea-abf6-acde48001122,8fb3151c-1a1c-11ea-aef0-acde48001122,G_Device,Digital,3
93a3b246-1a1f-11ea-abf6-acde48001122,8fb32caa-1a1c-11ea-aef0-acde48001122,C_Device,Digital,5
93a3b2b4-1a1f-11ea-abf6-acde48001122,8fb32caa-1a1c-11ea-aef0-acde48001122,E_Device,Digital,6
93a3b32c-1a1f-11ea-abf6-acde48001122,8fb32caa-1a1c-11ea-aef0-acde48001122,F_Device,Categorical,7
93a3b39a-1a1f-11ea-abf6-acde48001122,8fb32caa-1a1c-11ea-aef0-acde48001122,F_Device,Categorical,3
93a3b412-1a1f-11ea-abf6-acde48001122,8fb32caa-1a1c-11ea-aef0-acde48001122,F_Device,Digital,2
93a3b48a-1a1f-11ea-abf6-acde48001122,8fb344c4-1a1c-11ea-aef0-acde48001122,J_Device,Categorical,9
93a3b4f8-1a1f-11ea-abf6-acde48001122,8fb344c4-1a1c-11ea-aef0-acde48001122,I_Device,Categorical,5
93a3b570-1a1f-11ea-abf6-acde48001122,8fb344c4-1a1c-11ea-aef0-acde48001122,F_Device,Digital,6
93a3b5de-1a1f-11ea-abf6-acde48001122,8fb344c4-1a1c-11ea-aef0-acde48001122,A_Device,Digital,5
93a3b64c-1a1f-11ea-abf6-acde48001122,8fb344c4-1a1c-11ea-aef0-acde48001122,C_Device,Digital,2
93a3b6ba-1a1f-11ea-abf6-acde48001122,8fb35e28-1a1c-11ea-aef0-acde48001122,G_Device,Categorical,7
93a3b728-1a1f-11ea-abf6-acde48001122,8fb35e28-1a1c-11ea-aef0-acde48001122,J_Device,Categorical,3
93a3b796-1a1f-11ea-abf6-acde48001122,8fb35e28-1a1c-11ea-aef0-acde48001122,D_Device,Digital,8
93a3b818-1a1f-11ea-abf6-acde48001122,8fb35e28-1a1c-11ea-aef0-acde48001122,H_Device,Categorical,6
93a3b886-1a1f-11ea-abf6-acde48001122,8fb35e28-1a1c-11ea-aef0-acde48001122,I_Device,Categorical,5
93a3b8f4-1a1f-11ea-abf6-acde48001122,8fb376c4-1a1c-11ea-aef0-acde48001122,G_Device,Categorical,9
93a3b96c-1a1f-11ea-abf6-acde48001122,8fb376c4-1a1c-11ea-aef0-acde48001122,I_Device,Digital,6
93a3b9da-1a1f-11ea-abf6-acde48001122,8fb376c4-1a1c-11ea-aef0-acde48001122,B_Device,Digital,8
93a3ba48-1a1f-11ea-abf6-acde48001122,8fb376c4-1a1c-11ea-aef0-acde48001122,A_Device,Categorical,6
93a3bab6-1a1f-11ea-abf6-acde48001122,8fb376c4-1a1c-11ea-aef0-acde48001122,D_Device,Categorical,9
93a3bb2e-1a1f-11ea-abf6-acde48001122,8fb38ec0-1a1c-11ea-aef0-acde48001122,B_Device,Categorical,5
93a3bba6-1a1f-11ea-abf6-acde48001122,8fb38ec0-1a1c-11ea-aef0-acde48001122,G_Device,Digital,2
93a3bc14-1a1f-11ea-abf6-acde48001122,8fb38ec0-1a1c-11ea-aef0-acde48001122,G_Device,Digital,9
93a3bc82-1a1f-11ea-abf6-acde48001122,8fb38ec0-1a1c-11ea-aef0-acde48001122,A_Device,Digital,5
93a3bcfa-1a1f-11ea-abf6-acde48001122,8fb38ec0-1a1c-11ea-aef0-acde48001122,B_Device,Categorical,6
93a3bd72-1a1f-11ea-abf6-acde48001122,8fb3a662-1a1c-11ea-aef0-acde48001122,H_Device,Categorical,9
93a3bde0-1a1f-11ea-abf6-acde48001122,8fb3a662-1a1c-11ea-aef0-acde48001122,C_Device,Categorical,8
93a3be4e-1a1f-11ea-abf6-acde48001122,8fb3a662-1a1c-11ea-aef0-acde48001122,G_Device,Categorical,7
93a3bebc-1a1f-11ea-abf6-acde48001122,8fb3a662-1a1c-11ea-aef0-acde48001122,G_Device,Digital,6
93a3bf2a-1a1f-11ea-abf6-acde48001122,8fb3a662-1a1c-11ea-aef0-acde48001122,E_Device,Digital,7
93a3bf98-1a1f-11ea-abf6-acde48001122,8fb3be2c-1a1c-11ea-aef0-acde48001122,J_Device,Categorical,6
93a3c006-1a1f-11ea-abf6-acde48001122,8fb3be2c-1a1c-11ea-aef0-acde48001122,D_Device,Categorical,9
93a3c074-1a1f-11ea-abf6-acde48001122,8fb3be2c-1a1c-11ea-aef0-acde48001122,C_Device,Digital,2
93a3c0ec-1a1f-11ea-abf6-acde48001122,8fb3be2c-1a1c-11ea-aef0-acde48001122,D_Device,Categorical,4
93a3c15a-1a1f-11ea-abf6-acde48001122,8fb3be2c-1a1c-11ea-aef0-acde48001122,F_Device,Digital,6
93a3c1c8-1a1f-11ea-abf6-acde48001122,8fb3d61e-1a1c-11ea-aef0-acde48001122,G_Device,Digital,6
93a3c240-1a1f-11ea-abf6-acde48001122,8fb3d61e-1a1c-11ea-aef0-acde48001122,E_Device,Categorical,6
93a3c2b8-1a1f-11ea-abf6-acde48001122,8fb3d61e-1a1c-11ea-aef0-acde48001122,A_Device,Digital,1
93a3c326-1a1f-11ea-abf6-acde48001122,8fb3d61e-1a1c-11ea-aef0-acde48001122,F_Device,Categorical,9
93a3c394-1a1f-11ea-abf6-acde48001122,8fb3d61e-1a1c-11ea-aef0-acde48001122,A_Device,Categorical,1
93a3c402-1a1f-11ea-abf6-acde48001122,8fb3ee88-1a1c-11ea-aef0-acde48001122,E_Device,Categorical,8
93a3c470-1a1f-11ea-abf6-acde48001122,8fb3ee88-1a1c-11ea-aef0-acde48001122,H_Device,Digital,3
93a3c4e8-1a1f-11ea-abf6-acde48001122,8fb3ee88-1a1c-11ea-aef0-acde48001122,C_Device,Digital,2
93a3c556-1a1f-11ea-abf6-acde48001122,8fb3ee88-1a1c-11ea-aef0-acde48001122,B_Device,Digital,6
93a3c5ce-1a1f-11ea-abf6-acde48001122,8fb3ee88-1a1c-11ea-aef0-acde48001122,D_Device,Categorical,3
93a3c63c-1a1f-11ea-abf6-acde48001122,8fb40652-1a1c-11ea-aef0-acde48001122,E_Device,Categorical,8
93a3c6b4-1a1f-11ea-abf6-acde48001122,8fb40652-1a1c-11ea-aef0-acde48001122,G_Device,Digital,2
93a3c830-1a1f-11ea-abf6-acde48001122,8fb40652-1a1c-11ea-aef0-acde48001122,J_Device,Digital,5
93a3c8c6-1a1f-11ea-abf6-acde48001122,8fb40652-1a1c-11ea-aef0-acde48001122,F_Device,Categorical,1
93a3c93e-1a1f-11ea-abf6-acde48001122,8fb40652-1a1c-11ea-aef0-acde48001122,D_Device,Categorical,3
93a3c9b6-1a1f-11ea-abf6-acde48001122,8fb41dea-1a1c-11ea-aef0-acde48001122,F_Device,Digital,2
93a3ca24-1a1f-11ea-abf6-acde48001122,8fb41dea-1a1c-11ea-aef0-acde48001122,G_Device,Digital,3
93a3ca92-1a1f-11ea-abf6-acde48001122,8fb41dea-1a1c-11ea-aef0-acde48001122,B_Device,Categorical,1
93a3cb00-1a1f-11ea-abf6-acde48001122,8fb41dea-1a1c-11ea-aef0-acde48001122,H_Device,Digital,9
93a3cb6e-1a1f-11ea-abf6-acde48001122,8fb41dea-1a1c-11ea-aef0-acde48001122,G_Device,Categorical,5
93a3cbe6-1a1f-11ea-abf6-acde48001122,8fb4353c-1a1c-11ea-aef0-acde48001122,A_Device,Digital,3
93a3cc54-1a1f-11ea-abf6-acde48001122,8fb4353c-1a1c-11ea-aef0-acde48001122,C_Device,Digital,9
93a3cccc-1a1f-11ea-abf6-acde48001122,8fb4353c-1a1c-11ea-aef0-acde48001122,G_Device,Categorical,9
93a3cd3a-1a1f-11ea-abf6-acde48001122,8fb4353c-1a1c-11ea-aef0-acde48001122,I_Device,Categorical,2
93a3cda8-1a1f-11ea-abf6-acde48001122,8fb4353c-1a1c-11ea-aef0-acde48001122,F_Device,Digital,3
93a3ce20-1a1f-11ea-abf6-acde48001122,8fb44d10-1a1c-11ea-aef0-acde48001122,B_Device,Categorical,3
93a3ce8e-1a1f-11ea-abf6-acde48001122,8fb44d10-1a1c-11ea-aef0-acde48001122,I_Device,Categorical,8
93a3cf06-1a1f-11ea-abf6-acde48001122,8fb44d10-1a1c-11ea-aef0-acde48001122,I_Device,Digital,5
93a3cf74-1a1f-11ea-abf6-acde48001122,8fb44d10-1a1c-11ea-aef0-acde48001122,A_Device,Categorical,1
93a3cfe2-1a1f-11ea-abf6-acde48001122,8fb44d10-1a1c-11ea-aef0-acde48001122,J_Device,Categorical,6
93a3d05a-1a1f-11ea-abf6-acde48001122,8fb4650c-1a1c-11ea-aef0-acde48001122,C_Device,Digital,2
93a3d0d2-1a1f-11ea-abf6-acde48001122,8fb4650c-1a1c-11ea-aef0-acde48001122,C_Device,Categorical,7
93a3d14a-1a1f-11ea-abf6-acde48001122,8fb4650c-1a1c-11ea-aef0-acde48001122,H_Device,Categorical,9
93a3d1b8-1a1f-11ea-abf6-acde48001122,8fb4650c-1a1c-11ea-aef0-acde48001122,H_Device,Digital,1
93a3d226-1a1f-11ea-abf6-acde48001122,8fb4650c-1a1c-11ea-aef0-acde48001122,I_Device,Categorical,3
93a3d29e-1a1f-11ea-abf6-acde48001122,8fb47c9a-1a1c-11ea-aef0-acde48001122,F_Device,Categorical,1
93a3d316-1a1f-11ea-abf6-acde48001122,8fb47c9a-1a1c-11ea-aef0-acde48001122,I_Device,Digital,4
93a3d384-1a1f-11ea-abf6-acde48001122,8fb47c9a-1a1c-11ea-aef0-acde48001122,B_Device,Digital,3
93a3d3f2-1a1f-11ea-abf6-acde48001122,8fb47c9a-1a1c-11ea-aef0-acde48001122,C_Device,Categorical,9
93a3d460-1a1f-11ea-abf6-acde48001122,8fb47c9a-1a1c-11ea-aef0-acde48001122,J_Device,Categorical,6
93a3d4d8-1a1f-11ea-abf6-acde48001122,8fb49400-1a1c-11ea-aef0-acde48001122,F_Device,Digital,1
93a3d550-1a1f-11ea-abf6-acde48001122,8fb49400-1a1c-11ea-aef0-acde48001122,A_Device,Categorical,1
93a3d5be-1a1f-11ea-abf6-acde48001122,8fb49400-1a1c-11ea-aef0-acde48001122,H_Device,Categorical,1
93a3d62c-1a1f-11ea-abf6-acde48001122,8fb49400-1a1c-11ea-aef0-acde48001122,C_Device,Categorical,4
93a3d69a-1a1f-11ea-abf6-acde48001122,8fb49400-1a1c-11ea-aef0-acde48001122,F_Device,Digital,6
93a3d71c-1a1f-11ea-abf6-acde48001122,8fb4abc0-1a1c-11ea-aef0-acde48001122,J_Device,Digital,4
93a3d78a-1a1f-11ea-abf6-acde48001122,8fb4abc0-1a1c-11ea-aef0-acde48001122,B_Device,Categorical,3
93a3d7f8-1a1f-11ea-abf6-acde48001122,8fb4abc0-1a1c-11ea-aef0-acde48001122,H_Device,Categorical,8
93a3d870-1a1f-11ea-abf6-acde48001122,8fb4abc0-1a1c-11ea-aef0-acde48001122,B_Device,Digital,5
93a3d8e8-1a1f-11ea-abf6-acde48001122,8fb4abc0-1a1c-11ea-aef0-acde48001122,J_Device,Digital,9
